7.0,142.9,610.6,131330.394,34634,1.25295e-03,187
5.0,200.0,9.4,132501.060,36193,1.85976e-03,183
4.0,250.0,0.1,133779.456,37141,2.22696e-03,186
3.33,300.3,1.2,133811.604,37075,2.72981e-03,185
2.86,349.7,3.4,134590.338,37649,3.11521e-03,188
2.5,400.0,0.0,136034.399,37838,3.73624e-03,194
2.22,450.5,0.0,136950.600,38952,4.18723e-03,201
2.0,500.0,-217.7,137834.208,39988,4.84759e-03,227
1.82,549.5,-421.8,134841.144,38606,5.32275e-03,193
1.67,598.8,-553.1,134773.034,38767,5.66642e-03,204
period_ns,freq_MHz,wns,area_um2,cells,power,runtime_s
